entropy,rank
3.0,0.6931471806
3.0,2.9186795923
3.0,1.6094379124
3.0,1.4941751383
