entropy,rank
3.0,0.3250829734
3.0,0
3.0,0
3.0,0
3.0,0.3250829734
3.0,0
3.0,0
3.0,0
