entropy,rank
2.0,0
3.0,0
2.0,0
2.0,0
2.0,1.0114042647
2.0,0
3.0,
2.0,0
3.0,0
2.0,0
2.0,0
2.0,1.0114042647
2.0,0
3.0,
