entropy,rank
3.0,1.4439664041
3.0,0
3.0,1.5078492341
3.0,0.7843098687
3.0,0
3.0,0
3.0,0
