entropy,rank
3.0,
3.0,0
2.0,0.5091373441
3.0,
3.0,0.6931471806
3.0,
