entropy,rank
2.0,0.6365141683
3.0,0
2.0,0.9532710147
3.0,0.6931471806
3.0,1.6674619334
3.0,0
