entropy,rank
3.0,0
3.0,0
3.0,
3.0,0
3.0,1.6094379124
3.0,1.6580626988
3.0,0.6931471806
3.0,0
2.0,0
