entropy,rank
2.0,1.7478680975
3.0,0
3.0,0
2.0,1.7478680975
3.0,0
3.0,0
