entropy,rank
3.0,0
3.0,0
3.0,1.4142790651
3.0,1.0986122887
3.0,0
3.0,0
