entropy,rank
3.0,0
3.0,0
3.0,0.6931471806
3.0,0.6931471806
3.0,0
3.0,0
3.0,0
3.0,0
