entropy,rank
3.0,0.3767701613
2.0,0.6931471806
3.0,0
3.0,0.7083465777
2.0,0
3.0,0
2.0,0.4505612089
2.0,0.4101163183
2.0,0.6365141683
3.0,0
