entropy,rank
3.0,0
2.0,0
3.0,1.8524729805
3.0,1.3321790402
3.0,0.6931471806
3.0,1.9998016182
3.0,1.0397207708
3.0,0
