entropy,rank
3.0,3.7952575195
2.0,2.7363390511
2.0,3.209376072
3.0,
3.0,0
2.0,0.6931471806
