entropy,rank
3.0,0
3.0,0.4505612089
3.0,0.9502705392
3.0,
