entropy,rank
2.0,0
2.0,0.8855741516
3.0,0
3.0,0.6365141683
