entropy,rank
3.0,1.8848713336
3.0,1.4941751383
2.0,1.8561561816
2.0,1.2148896539
3.0,0
3.0,0
2.0,0.5004024235
