entropy,rank
3.0,2.2200253278
2.0,0.7387678413
3.0,0.9556998911
2.0,1.0986122887
3.0,0.6931471806
3.0,0
