entropy,rank
3.0,0.8687196829
3.0,0.1584105701
3.0,0
2.0,0.3250829734
3.0,2.1996965091
3.0,1.8524729805
3.0,1.2342678661
3.0,0.8239592165
