entropy,rank
3.0,0.6365141683
3.0,0
3.0,3.584236502
2.0,0.6390318597
3.0,2.5649493575
3.0,1.4750763111
