entropy,rank
2.0,0.8369882168
2.0,0
2.0,0.5004024235
3.0,0
2.0,1.8143075196
3.0,
3.0,
