entropy,rank
3.0,0
3.0,3.4811513278
3.0,1.3862943611
3.0,0
3.0,0
