entropy,rank
3.0,1.9915093614
3.0,3.2596958136
3.0,2.1065773332
3.0,0
3.0,1.3321790402
3.0,3.5201915829
3.0,0
